subtype,celltype_major,Cell_Count,Fraction
ER+,Cancer Epithelial,11878,0.3106090321905808
ER+,T-cells,9821,0.2568185978400146
ER+,Endothelial,5206,0.1361366073062943
HER2+,T-cells,10937,0.5663611413184195
HER2+,Cancer Epithelial,1775,0.091916524260784
HER2+,CAFs,1449,0.0750349541711977
TNBC,T-cells,14456,0.3400451637184795
TNBC,Cancer Epithelial,10836,0.2548927361686112
TNBC,Myeloid,6422,0.1510632292058712
